Start Ip,End Ip,Country Code,Country,Region,City
0,16777215,-,-,-,-
16777216,16777471,AU,AUSTRALIA,QUEENSLAND,SOUTH BRISBANE
16777472,16778239,CN,CHINA,FUJIAN,FUZHOU
16778240,16778495,AU,AUSTRALIA,VICTORIA,MELBOURNE
16778496,16778751,AU,AUSTRALIA,NEW SOUTH WALES,SYDNEY
16778752,16779263,AU,AUSTRALIA,-,-
16779264,16781311,CN,CHINA,GUANGDONG,GUANGZHOU
16781312,16785407,JP,JAPAN,TOKYO,TOKYO
16785408,16793599,CN,CHINA,GUANGDONG,GUANGZHOU
16793600,16798207,JP,JAPAN,HIROSHIMA,HIROSHIMA-SHI
16798208,16798463,JP,JAPAN,TOKYO,TOKYO
16798464,16805631,JP,JAPAN,HIROSHIMA,HIROSHIMA-SHI
16805632,16805887,JP,JAPAN,TOKYO,TOKYO
16805888,16809983,JP,JAPAN,HIROSHIMA,HIROSHIMA-SHI
16809984,16822527,TH,THAILAND,KRUNG THEP,BANGKOK
16822528,16822783,TH,THAILAND,PHANGNGA,KHURA BURI
16822784,16828159,TH,THAILAND,KRUNG THEP,BANGKOK
16828160,16828415,TH,THAILAND,NAKHON SI THAMMARAT,NAKHON SI THAMMARAT
16828416,16832767,TH,THAILAND,KRUNG THEP,BANGKOK
16832768,16833023,TH,THAILAND,SURAT THANI,KO SAMUI
16833024,16833279,TH,THAILAND,NAKHON SI THAMMARAT,NAKHON SI THAMMARAT
16833280,16833535,TH,THAILAND,SURAT THANI,KO SAMUI
16833536,16833791,TH,THAILAND,NAKHON SI THAMMARAT,NAKHON SI THAMMARAT
16833792,16834047,TH,THAILAND,KRUNG THEP,BANGKOK
16834048,16834303,TH,THAILAND,SURAT THANI,KO SAMUI
16834304,16835327,TH,THAILAND,KRUNG THEP,BANGKOK
16835328,16835583,TH,THAILAND,PHUKET,WICHIT
16835584,16835839,TH,THAILAND,KRUNG THEP,BANGKOK
16835840,16836095,TH,THAILAND,PHUKET,THALANG
16836096,16836863,TH,THAILAND,KRUNG THEP,BANGKOK
16836864,16837119,TH,THAILAND,PHUKET,BAN KO KAEO
16837120,16837375,TH,THAILAND,KRUNG THEP,BANGKOK
16837376,16837631,TH,THAILAND,PHUKET,MUEANG PHUKET
16837632,16841215,TH,THAILAND,KRUNG THEP,BANGKOK
16841216,16841471,TH,THAILAND,PHUKET,WICHIT
16841472,16842751,TH,THAILAND,KRUNG THEP,BANGKOK
16842752,16843007,CN,CHINA,FUJIAN,FUZHOU
16843008,16843263,AU,AUSTRALIA,QUEENSLAND,SOUTH BRISBANE
16843264,16844799,CN,CHINA,FUJIAN,FUZHOU
16844800,16859135,CN,CHINA,GUANGDONG,GUANGZHOU
16859136,16875519,JP,JAPAN,TOKYO,TOKYO
16875520,16876031,TH,THAILAND,KRUNG THEP,BANGKOK
16876032,16876287,TH,THAILAND,MUKDAHAN,KHAMCHA-I
16876288,16893951,TH,THAILAND,KRUNG THEP,BANGKOK
16893952,16894207,TH,THAILAND,KALASIN,RONG KHAM
16894208,16894975,TH,THAILAND,KRUNG THEP,BANGKOK
16894976,16895231,TH,THAILAND,KALASIN,KALASIN
16895232,16905215,TH,THAILAND,KRUNG THEP,BANGKOK
16905216,16905471,TH,THAILAND,LOEI,LOEI
16905472,16908287,TH,THAILAND,KRUNG THEP,BANGKOK
16908288,16908799,CN,CHINA,FUJIAN,FUZHOU
16908800,16909055,CN,CHINA,BEIJING,BEIJING
16909056,16909311,AU,AUSTRALIA,QUEENSLAND,SOUTH BRISBANE
16909312,16909567,CN,CHINA,BEIJING,BEIJING
16909568,16910335,CN,CHINA,FUJIAN,FUZHOU
16910336,16910591,CN,CHINA,BEIJING,BEIJING
16910592,16941055,CN,CHINA,GUANGDONG,GUANGZHOU
16941056,16952575,TH,THAILAND,KRUNG THEP,BANGKOK
16952576,16952831,TH,THAILAND,KHON KAEN,KHON KAEN
16952832,16959743,TH,THAILAND,KRUNG THEP,BANGKOK
16959744,16959999,TH,THAILAND,KRUNG THEP,BANG RAK
16960000,16964095,TH,THAILAND,KRUNG THEP,BANGKOK
16964096,16964351,TH,THAILAND,MAHA SARAKHAM,BORABUE
16964352,16973823,TH,THAILAND,KRUNG THEP,BANGKOK
16973824,17039359,CN,CHINA,GUANGDONG,GUANGZHOU
17039360,17039615,AU,AUSTRALIA,QUEENSLAND,SOUTH BRISBANE
17039616,17040383,CN,CHINA,FUJIAN,FUZHOU
17040384,17040639,CN,CHINA,BEIJING,BEIJING
17040640,17041407,CN,CHINA,FUJIAN,FUZHOU
17041408,17072127,CN,CHINA,GUANGDONG,GUANGZHOU
17072128,17075967,TH,THAILAND,KRUNG THEP,BANGKOK
17075968,17076223,TH,THAILAND,ROI ET,SUWANNAPHUM
17076224,17081343,TH,THAILAND,KRUNG THEP,BANGKOK
17081344,17081599,TH,THAILAND,UDON THANI,UDON THANI
17081600,17085951,TH,THAILAND,KRUNG THEP,BANGKOK
17085952,17086207,TH,THAILAND,UDON THANI,UDON THANI
17086208,17090559,TH,THAILAND,KRUNG THEP,BANGKOK
17090560,17090815,TH,THAILAND,KHON KAEN,WAENG NOI
17090816,17099007,TH,THAILAND,KRUNG THEP,BANGKOK
17099008,17099263,TH,THAILAND,NONG KHAI,NONG KHAI
17099264,17103103,TH,THAILAND,KRUNG THEP,BANGKOK
17103104,17103359,TH,THAILAND,NONG KHAI,FAO RAI
17103360,17104127,TH,THAILAND,KRUNG THEP,BANGKOK
17104128,17104383,TH,THAILAND,NONG KHAI,FAO RAI
17104384,17104895,TH,THAILAND,KRUNG THEP,BANGKOK
17104896,17170431,JP,JAPAN,TOKYO,TOKYO
17170432,17301503,IN,INDIA,TAMIL NADU,CHENNAI
17301504,17367039,CN,CHINA,BEIJING,BEIJING
17367040,17367167,MY,MALAYSIA,KUALA LUMPUR,KUALA LUMPUR
17367168,17367199,MY,MALAYSIA,SELANGOR,SUBANG JAYA
17367200,17367551,MY,MALAYSIA,KUALA LUMPUR,KUALA LUMPUR
17367552,17367807,MY,MALAYSIA,KEDAH,JITRA
17367808,17368063,MY,MALAYSIA,KUALA LUMPUR,KUALA LUMPUR
17368064,17368319,MY,MALAYSIA,SARAWAK,MIRI
17368320,17368575,MY,MALAYSIA,TERENGGANU,KUALA DUNGUN
17368576,17368831,MY,MALAYSIA,PERAK,IPOH
17368832,17369087,MY,MALAYSIA,JOHOR,SEGAMAT
17369088,17369343,MY,MALAYSIA,PERAK,TAIPING
17369344,17370367,MY,MALAYSIA,KUALA LUMPUR,KUALA LUMPUR
17370368,17370495,MY,MALAYSIA,SELANGOR,SHAH ALAM
17370496,17370622,MY,MALAYSIA,SELANGOR,SUBANG JAYA
17370623,17371903,MY,MALAYSIA,KUALA LUMPUR,KUALA LUMPUR
17371904,17372159,MY,MALAYSIA,SELANGOR,SUBANG JAYA
17372160,17375231,MY,MALAYSIA,KUALA LUMPUR,KUALA LUMPUR
17375232,17375487,MY,MALAYSIA,SELANGOR,PETALING JAYA
17375488,17379071,MY,MALAYSIA,KUALA LUMPUR,KUALA LUMPUR
17379072,17379327,MY,MALAYSIA,SELANGOR,PUCHONG
17379328,17382655,MY,MALAYSIA,KUALA LUMPUR,KUALA LUMPUR
17382656,17382911,MY,MALAYSIA,SABAH,BEAUFORT
17382912,17401087,MY,MALAYSIA,KUALA LUMPUR,KUALA LUMPUR
17401088,17401215,MY,MALAYSIA,MELAKA,AYER KEROH
17401216,17401343,MY,MALAYSIA,PERAK,KAMPAR
17401344,17402623,MY,MALAYSIA,KUALA LUMPUR,KUALA LUMPUR
17402624,17402879,MY,MALAYSIA,PERAK,TAIPING
17402880,17405695,MY,MALAYSIA,KUALA LUMPUR,KUALA LUMPUR
17405696,17405951,MY,MALAYSIA,JOHOR,JOHOR BAHRU
17405952,17406975,MY,MALAYSIA,KUALA LUMPUR,KUALA LUMPUR
17406976,17407231,MY,MALAYSIA,SARAWAK,KUCHING
17407232,17408511,MY,MALAYSIA,KUALA LUMPUR,KUALA LUMPUR
17408512,17408767,MY,MALAYSIA,PAHANG,PEKAN
17408768,17411327,MY,MALAYSIA,KUALA LUMPUR,KUALA LUMPUR
17411328,17411583,MY,MALAYSIA,PULAU PINANG,GEORGE TOWN
17411584,17412095,MY,MALAYSIA,KUALA LUMPUR,KUALA LUMPUR
17412096,17412351,MY,MALAYSIA,SELANGOR,PETALING JAYA
17412352,17413887,MY,MALAYSIA,KUALA LUMPUR,KUALA LUMPUR
17413888,17414143,MY,MALAYSIA,SELANGOR,SELAYANG
17414144,17415423,MY,MALAYSIA,KUALA LUMPUR,KUALA LUMPUR
17415424,17415679,MY,MALAYSIA,SARAWAK,KUCHING
17415680,17420287,MY,MALAYSIA,KUALA LUMPUR,KUALA LUMPUR
17420288,17420543,MY,MALAYSIA,PAHANG,KUANTAN
17420544,17432575,MY,MALAYSIA,KUALA LUMPUR,KUALA LUMPUR
17432576,17434623,CN,CHINA,GUANGDONG,GUANGZHOU
17434624,17435135,CN,CHINA,FUJIAN,FUZHOU
17435136,17435391,AU,AUSTRALIA,QUEENSLAND,SOUTH BRISBANE
17435392,17436671,CN,CHINA,FUJIAN,FUZHOU
17436672,17465343,CN,CHINA,GUANGDONG,GUANGZHOU
17465344,17498111,TH,THAILAND,KRUNG THEP,BANGKOK
17498112,17563647,KR,"KOREA, REPUBLIC OF",SEOUL-T'UKPYOLSI,SEOUL
17563648,17825791,CN,CHINA,BEIJING,BEIJING
17825792,18087935,KR,"KOREA, REPUBLIC OF",SEOUL-T'UKPYOLSI,SEOUL
18087936,18088191,TH,THAILAND,PATHUM THANI,LAT LUM KAEO
18088192,18088447,TH,THAILAND,KRUNG THEP,WANG THONGLANG
18088448,18153471,TH,THAILAND,KRUNG THEP,BANGKOK
18153472,18219007,JP,JAPAN,TOKYO,TOKYO
18219008,18220543,IN,INDIA,MAHARASHTRA,MUMBAI
18220544,18221055,IN,INDIA,ANDHRA PRADESH,HYDERABAD
18221056,18221567,IN,INDIA,MAHARASHTRA,MUMBAI
18221568,18222079,IN,INDIA,KARNATAKA,BANGALORE
18222080,18222335,IN,INDIA,UTTAR PRADESH,GHAZIABAD
18222336,18222591,IN,INDIA,DELHI,NEW DELHI
18222592,18222847,IN,INDIA,RAJASTHAN,JHALAWAR
18222848,18223103,IN,INDIA,KARNATAKA,BANGALORE
18223104,18223359,IN,INDIA,ANDHRA PRADESH,YARADA
18223360,18223615,IN,INDIA,ANDHRA PRADESH,VISHAKHAPATNAM
18223616,18225151,IN,INDIA,MAHARASHTRA,MUMBAI
18225152,18225663,IN,INDIA,TAMIL NADU,COIMBATORE
18225664,18225919,IN,INDIA,MADHYA PRADESH,INDORE
18225920,18226175,IN,INDIA,DELHI,DELHI
18226176,18226431,IN,INDIA,UTTAR PRADESH,NOIDA
18226432,18226687,IN,INDIA,WEST BENGAL,KOLKATA
18226688,18227199,IN,INDIA,MAHARASHTRA,MUMBAI
18227200,18228223,IN,INDIA,DELHI,DELHI
18228224,18228479,IN,INDIA,DELHI,NEW DELHI
18228480,18228735,IN,INDIA,MAHARASHTRA,MUMBAI
18228736,18229247,IN,INDIA,MAHARASHTRA,AURANGABAD
18229248,18229759,IN,INDIA,MAHARASHTRA,PUNE
18229760,18230015,IN,INDIA,MAHARASHTRA,MUMBAI
18230016,18230271,IN,INDIA,MAHARASHTRA,PIMPRI
18230272,18231295,IN,INDIA,MAHARASHTRA,MUMBAI
18231296,18231807,IN,INDIA,KARNATAKA,BANGALORE
18231808,18232319,IN,INDIA,RAJASTHAN,JHALAWAR
18232320,18232831,IN,INDIA,MAHARASHTRA,MUMBAI
18232832,18233087,IN,INDIA,GUJARAT,SURAT
18233088,18233855,IN,INDIA,MAHARASHTRA,MUMBAI
18233856,18234367,IN,INDIA,DELHI,NEW DELHI
18234368,18234623,IN,INDIA,DELHI,DELHI
18234624,18234879,IN,INDIA,KARNATAKA,BANGALORE
18234880,18235135,IN,INDIA,DELHI,DELHI
18235136,18235391,IN,INDIA,DELHI,NEW DELHI
18235392,18236159,IN,INDIA,MAHARASHTRA,NAGPUR
18236160,18236415,IN,INDIA,MAHARASHTRA,MUMBAI
18236416,18236671,IN,INDIA,MAHARASHTRA,POWAI
18236672,18236927,IN,INDIA,MAHARASHTRA,MUMBAI
18236928,18237183,IN,INDIA,KARNATAKA,BANGALORE
18237184,18237439,IN,INDIA,MAHARASHTRA,MUMBAI
18237440,18237951,IN,INDIA,UTTAR PRADESH,LUCKNOW
18237952,18238463,IN,INDIA,KARNATAKA,BANGALORE
18238464,18239487,IN,INDIA,MAHARASHTRA,MUMBAI
18239488,18239999,IN,INDIA,GUJARAT,VADODARA
18240000,18240255,IN,INDIA,MAHARASHTRA,MUMBAI
18240256,18240511,IN,INDIA,GUJARAT,VADODARA
18240512,18241535,IN,INDIA,MADHYA PRADESH,INDORE
18241536,18242047,IN,INDIA,GUJARAT,RAJKOT
18242048,18242303,IN,INDIA,MAHARASHTRA,MUMBAI
18242304,18242559,IN,INDIA,UTTAR PRADESH,NOIDA
18242560,18243583,IN,INDIA,MAHARASHTRA,MUMBAI
18243584,18245375,IN,INDIA,GUJARAT,SURAT
18245376,18247679,IN,INDIA,MAHARASHTRA,MUMBAI
18247680,18248191,IN,INDIA,MADHYA PRADESH,BHOPAL
18248192,18248703,IN,INDIA,MAHARASHTRA,MUMBAI
18248704,18248959,IN,INDIA,KARNATAKA,BANGALORE
18248960,18249215,IN,INDIA,DELHI,NEW DELHI
18249216,18249471,IN,INDIA,WEST BENGAL,KOLKATA
18249472,18249727,IN,INDIA,DELHI,NEW DELHI
18249728,18250239,IN,INDIA,UTTAR PRADESH,KANPUR
18250240,18250495,IN,INDIA,MAHARASHTRA,MUMBAI
18250496,18250751,IN,INDIA,UTTAR PRADESH,KANPUR
18250752,18251775,IN,INDIA,MAHARASHTRA,MUMBAI
18251776,18252031,IN,INDIA,MAHARASHTRA,AURANGABAD
18252032,18252287,IN,INDIA,DELHI,DELHI
18252288,18252543,IN,INDIA,HARYANA,GURGAON
18252544,18252799,IN,INDIA,ANDHRA PRADESH,GUNTUR
18252800,18253311,IN,INDIA,UTTAR PRADESH,KANPUR
18253312,18254079,IN,INDIA,MAHARASHTRA,MUMBAI
18254080,18254335,IN,INDIA,TAMIL NADU,COIMBATORE
18254336,18254591,IN,INDIA,UTTAR PRADESH,NOIDA
18254592,18254847,IN,INDIA,MAHARASHTRA,MUMBAI
18254848,18255871,IN,INDIA,MAHARASHTRA,PUNE
18255872,18256127,IN,INDIA,MAHARASHTRA,MUMBAI
18256128,18256383,IN,INDIA,MAHARASHTRA,PIMPRI
18256384,18258687,IN,INDIA,MAHARASHTRA,MUMBAI
18258688,18258943,IN,INDIA,UTTAR PRADESH,LUCKNOW
18258944,18259199,IN,INDIA,HARYANA,GURGAON
18259200,18259455,IN,INDIA,MAHARASHTRA,MUMBAI
18259456,18259711,IN,INDIA,DELHI,DELHI
18259712,18259967,IN,INDIA,MAHARASHTRA,MUMBAI
18259968,18260223,IN,INDIA,GUJARAT,VADODARA
18260224,18260735,IN,INDIA,MAHARASHTRA,MUMBAI
18260736,18260991,IN,INDIA,GUJARAT,RAJKOT
18260992,18261247,IN,INDIA,WEST BENGAL,KOLKATA
18261248,18261503,IN,INDIA,UTTAR PRADESH,NOIDA
18261504,18261759,IN,INDIA,DELHI,DELHI
18261760,18262015,IN,INDIA,KERALA,TRICHUR
18262016,18262271,IN,INDIA,DELHI,DELHI
18262272,18262527,IN,INDIA,HARYANA,GURGAON
18262528,18262783,IN,INDIA,DELHI,NEW DELHI
18262784,18263039,IN,INDIA,ORISSA,BHUBANESHWAR
18263040,18263551,IN,INDIA,MAHARASHTRA,MUMBAI
18263552,18264063,IN,INDIA,DELHI,DELHI
18264064,18264319,IN,INDIA,WEST BENGAL,KOLKATA
18264320,18264575,IN,INDIA,HARYANA,GURGAON
18264576,18264831,IN,INDIA,MADHYA PRADESH,INDORE
18264832,18265087,IN,INDIA,DELHI,NEW DELHI
18265088,18265599,IN,INDIA,MAHARASHTRA,MUMBAI
18265600,18265855,IN,INDIA,KARNATAKA,BANGALORE
18265856,18266623,IN,INDIA,MAHARASHTRA,MUMBAI
18266624,18267135,IN,INDIA,UTTAR PRADESH,LUCKNOW
18267136,18267903,IN,INDIA,MAHARASHTRA,MUMBAI
18267904,18268159,IN,INDIA,KARNATAKA,BANGALORE
18268160,18268671,IN,INDIA,UTTAR PRADESH,AGRA
18268672,18269183,IN,INDIA,GUJARAT,RAJKOT
18269184,18269439,IN,INDIA,TAMIL NADU,CHENNAI
18269440,18269695,IN,INDIA,MAHARASHTRA,MUMBAI
18269696,18269951,IN,INDIA,KARNATAKA,BANGALORE
18269952,18270207,IN,INDIA,MAHARASHTRA,MUMBAI
18270208,18270719,IN,INDIA,RAJASTHAN,JAIPUR
18270720,18271231,IN,INDIA,KARNATAKA,BANGALORE
18271232,18271487,IN,INDIA,MAHARASHTRA,MUMBAI
18271488,18271743,IN,INDIA,KARNATAKA,BANGALORE
18271744,18271999,IN,INDIA,MAHARASHTRA,MUMBAI
18272000,18272255,IN,INDIA,RAJASTHAN,JAIPUR
18272256,18273279,IN,INDIA,MAHARASHTRA,MUMBAI
18273280,18273791,IN,INDIA,DELHI,DELHI
18273792,18274047,IN,INDIA,TAMIL NADU,COIMBATORE
18274048,18274303,IN,INDIA,MAHARASHTRA,MUMBAI
18274304,18274559,IN,INDIA,DELHI,DELHI
18274560,18275327,IN,INDIA,DELHI,NEW DELHI
18275328,18275583,IN,INDIA,UTTAR PRADESH,NOIDA
18275584,18275839,IN,INDIA,WEST BENGAL,KOLKATA
18275840,18276095,IN,INDIA,DELHI,NEW DELHI
18276096,18276351,IN,INDIA,WEST BENGAL,KOLKATA
18276352,18276607,IN,INDIA,MAHARASHTRA,PUNE
18276608,18276863,IN,INDIA,MAHARASHTRA,MUMBAI
18276864,18277119,IN,INDIA,MAHARASHTRA,PUNE
18277120,18277631,IN,INDIA,MAHARASHTRA,MUMBAI
18277632,18277887,IN,INDIA,GUJARAT,AHMEDABAD
18277888,18278399,IN,INDIA,MAHARASHTRA,MUMBAI
18278400,18278911,IN,INDIA,GUJARAT,SURAT
18278912,18279167,IN,INDIA,MAHARASHTRA,MUMBAI
18279168,18279423,IN,INDIA,KERALA,THIRUVANANTHAPURAM
18279424,18281471,IN,INDIA,MAHARASHTRA,MUMBAI
18281472,18281727,IN,INDIA,DELHI,DELHI
18281728,18281983,IN,INDIA,DELHI,NEW DELHI
18281984,18282495,IN,INDIA,DELHI,DELHI
18282496,18283007,IN,INDIA,MAHARASHTRA,MUMBAI
18283008,18283519,IN,INDIA,KERALA,COCHIN
18283520,18283775,IN,INDIA,CHHATTISGARH,RAIPUR
18283776,18288639,IN,INDIA,ANDHRA PRADESH,HYDERABAD
18288640,18290175,IN,INDIA,MAHARASHTRA,MUMBAI
18290176,18292735,IN,INDIA,UTTAR PRADESH,GHAZIABAD
18292736,18292991,IN,INDIA,ANDHRA PRADESH,LAL BAHADUR NAGAR
18292992,18293247,IN,INDIA,ANDHRA PRADESH,MALKAJGIRI
18293248,18293503,IN,INDIA,ANDHRA PRADESH,HYDERABAD
18293504,18293759,IN,INDIA,MAHARASHTRA,MUMBAI
18293760,18294527,IN,INDIA,ANDHRA PRADESH,HYDERABAD
18294528,18295295,IN,INDIA,MAHARASHTRA,MUMBAI
18295296,18295807,IN,INDIA,ANDHRA PRADESH,HYDERABAD
18295808,18296063,IN,INDIA,MEGHALAYA,SHILLONG
18296064,18296319,IN,INDIA,MAHARASHTRA,MUMBAI
18296320,18296575,IN,INDIA,ANDHRA PRADESH,HYDERABAD
18296576,18296831,IN,INDIA,MAHARASHTRA,MUMBAI
18296832,18297599,IN,INDIA,MAHARASHTRA,PUNE
18297600,18297855,IN,INDIA,MAHARASHTRA,MUMBAI
18297856,18298111,IN,INDIA,MAHARASHTRA,PUNE
18298112,18298367,IN,INDIA,MAHARASHTRA,MUMBAI
18298368,18300927,IN,INDIA,MAHARASHTRA,PUNE
18300928,18301183,IN,INDIA,MAHARASHTRA,MUMBAI
18301184,18301695,IN,INDIA,TAMIL NADU,CHENNAI
18301696,18302207,IN,INDIA,TAMIL NADU,CHETPUT
18302208,18302463,IN,INDIA,MAHARASHTRA,MUMBAI
18302464,18302975,IN,INDIA,TAMIL NADU,CHENNAI
18302976,18303487,IN,INDIA,MAHARASHTRA,MUMBAI
18303488,18303999,IN,INDIA,TAMIL NADU,CHENNAI
18304000,18305791,IN,INDIA,MAHARASHTRA,MUMBAI
18305792,18306047,IN,INDIA,MAHARASHTRA,POWAI
18306048,18309119,IN,INDIA,MAHARASHTRA,MUMBAI
18309120,18309375,IN,INDIA,HARYANA,GURGAON
18309376,18309631,IN,INDIA,DELHI,DELHI
18309632,18309887,IN,INDIA,HARYANA,GURGAON
18309888,18310399,IN,INDIA,DELHI,DELHI
18310400,18310655,IN,INDIA,HARYANA,GURGAON
18310656,18310911,IN,INDIA,DELHI,DELHI
18310912,18311167,IN,INDIA,DELHI,NEW DELHI
18311168,18311423,IN,INDIA,UTTAR PRADESH,NOIDA
18311424,18311679,IN,INDIA,HARYANA,GURGAON
18311680,18311935,IN,INDIA,HARYANA,SONIPAT
18311936,18312447,IN,INDIA,HARYANA,GURGAON
18312448,18312703,IN,INDIA,DELHI,DELHI
18312704,18313215,IN,INDIA,HARYANA,GURGAON
18313216,18314239,IN,INDIA,MAHARASHTRA,MUMBAI
18314240,18314751,IN,INDIA,MAHARASHTRA,PUNE
18314752,18316543,IN,INDIA,MAHARASHTRA,MUMBAI
18316544,18317567,IN,INDIA,ANDHRA PRADESH,HYDERABAD
18317568,18318079,IN,INDIA,MAHARASHTRA,MUMBAI
18318080,18318847,IN,INDIA,DELHI,NEW DELHI
18318848,18319103,IN,INDIA,MAHARASHTRA,MUMBAI
18319104,18319359,IN,INDIA,DELHI,NEW DELHI
18319360,18319615,IN,INDIA,MAHARASHTRA,MUMBAI
18319616,18320383,IN,INDIA,DELHI,NEW DELHI
18320384,18321151,IN,INDIA,MAHARASHTRA,MUMBAI
18321152,18321407,IN,INDIA,GUJARAT,AHMEDABAD
18321408,18322943,IN,INDIA,DELHI,NEW DELHI
18322944,18323199,IN,INDIA,UTTAR PRADESH,MATHURA
18323200,18323711,IN,INDIA,DELHI,NEW DELHI
18323712,18323967,IN,INDIA,MAHARASHTRA,MUMBAI
18323968,18325503,IN,INDIA,DELHI,NEW DELHI
18325504,18325759,IN,INDIA,DELHI,DELHI
18325760,18329599,IN,INDIA,DELHI,NEW DELHI
18329600,18330623,IN,INDIA,MAHARASHTRA,PUNE
18330624,18331647,IN,INDIA,MAHARASHTRA,MUMBAI
18331648,18333183,IN,INDIA,MAHARASHTRA,PUNE
18333184,18333951,IN,INDIA,MAHARASHTRA,MUMBAI
18333952,18334207,IN,INDIA,KARNATAKA,BANGALORE
18334208,18335743,IN,INDIA,MAHARASHTRA,MUMBAI
18335744,18335999,IN,INDIA,KARNATAKA,BANGALORE
18336000,18338047,IN,INDIA,MAHARASHTRA,MUMBAI
18338048,18338559,IN,INDIA,KARNATAKA,BANGALORE
18338560,18338815,IN,INDIA,KARNATAKA,BHATKAL
18338816,18339071,IN,INDIA,MAHARASHTRA,MUMBAI
18339072,18339327,IN,INDIA,KARNATAKA,BANGALORE
18339328,18339583,IN,INDIA,MAHARASHTRA,MUMBAI
18339584,18339839,IN,INDIA,RAJASTHAN,JHALAWAR
18339840,18340351,IN,INDIA,MAHARASHTRA,MUMBAI
18340352,18341887,IN,INDIA,KARNATAKA,BANGALORE
18341888,18342143,IN,INDIA,MAHARASHTRA,PUNE
18342144,18342911,IN,INDIA,DELHI,DELHI
18342912,18343423,IN,INDIA,MAHARASHTRA,PUNE
18343424,18343679,IN,INDIA,DELHI,DELHI
18343680,18343935,IN,INDIA,KARNATAKA,BANGALORE
18343936,18344703,IN,INDIA,DELHI,DELHI
18344704,18344959,IN,INDIA,MAHARASHTRA,MUMBAI
18344960,18345983,IN,INDIA,KARNATAKA,BANGALORE
18345984,18346751,IN,INDIA,MAHARASHTRA,MUMBAI
18346752,18347007,IN,INDIA,DELHI,NEW DELHI
18347008,18347519,IN,INDIA,MAHARASHTRA,PUNE
18347520,18347775,IN,INDIA,MAHARASHTRA,PIMPRI
18347776,18348031,IN,INDIA,MAHARASHTRA,PUNE
18348032,18348287,IN,INDIA,MAHARASHTRA,POWAI
18348288,18350079,IN,INDIA,MAHARASHTRA,MUMBAI
18350080,18874367,CN,CHINA,NEI MONGOL,BAOTOU
18874368,18939903,HK,HONG KONG,HONG KONG (SAR),HONG KONG
18939904,18941439,JP,JAPAN,TOKUSHIMA,TOKUSHIMA-SHI
18941440,18943231,JP,JAPAN,AOMORI,AOMORI-SHI
18943232,18943487,JP,JAPAN,SHIMANE,MATSUE-SHI
18943488,18943999,JP,JAPAN,MIYAGI,SENDAI-SHI
18944000,18945023,JP,JAPAN,TOKUSHIMA,TOKUSHIMA-SHI
18945024,18947071,JP,JAPAN,TOKYO,TOKYO
18947072,18947327,JP,JAPAN,NIIGATA,NIIGATA-SHI
18947328,18948095,JP,JAPAN,TOCHIGI,UTSUNOMIYA-SHI
18948096,18949631,JP,JAPAN,TOKYO,TOKYO
18949632,18950143,JP,JAPAN,SAITAMA,SOKA
18950144,18951167,JP,JAPAN,AICHI,NAGOYA-SHI
18951168,18951935,JP,JAPAN,GUMMA,MAEBASHI-SHI
18951936,18952703,JP,JAPAN,CHIBA,CHIBA-SHI
18952704,18953727,JP,JAPAN,OSAKA,OSAKA-SHI
18953728,18955007,JP,JAPAN,GUMMA,MAEBASHI-SHI
18955008,18955263,JP,JAPAN,TOKYO,TOKYO
18955264,18956287,JP,JAPAN,SAITAMA,SOKA
18956288,18959359,JP,JAPAN,CHIBA,CHIBA-SHI
18959360,18961663,JP,JAPAN,OSAKA,OSAKA-SHI
18961664,18963967,JP,JAPAN,AICHI,NAGOYA-SHI
18963968,18964223,JP,JAPAN,KANAGAWA,YOKOHAMA-SHI
18964224,18966527,JP,JAPAN,TOKYO,TOKYO
18966528,18967295,JP,JAPAN,IBARAKI,MITO-SHI
18967296,18993151,JP,JAPAN,TOKYO,TOKYO
18993152,18993407,JP,JAPAN,OSAKA,OSAKA-SHI
18993408,18993663,JP,JAPAN,TOKYO,TOKYO
18993664,18993727,JP,JAPAN,HOKKAIDO,SAPPORO-SHI
18993728,18993759,JP,JAPAN,TOKYO,TOKYO
18993760,18993791,JP,JAPAN,HOKKAIDO,SAPPORO-SHI
18993792,18993823,JP,JAPAN,IWATE,MORIOKA-SHI
18993824,18993855,JP,JAPAN,MIYAGI,SENDAI-SHI
18993856,18993887,JP,JAPAN,AKITA,AKITA-SHI
18993888,18993919,JP,JAPAN,FUKUSHIMA,FUKUSHIMA-SHI
18993920,18993951,JP,JAPAN,IBARAKI,MITO-SHI
18993952,18993983,JP,JAPAN,TOCHIGI,UTSUNOMIYA-SHI
18993984,18994015,JP,JAPAN,GUMMA,MAEBASHI-SHI
18994016,18994047,JP,JAPAN,NIIGATA,NIIGATA-SHI
18994048,18994079,JP,JAPAN,IBARAKI,MITO-SHI
18994080,18994111,JP,JAPAN,NAGANO,NAGANO-SHI
18994112,18994143,JP,JAPAN,GIFU,GIFU-SHI
18994144,18994175,JP,JAPAN,SHIZUOKA,SHIZUOKA-SHI
18994176,18994335,JP,JAPAN,SAITAMA,SOKA
18994336,18994367,JP,JAPAN,WAKAYAMA,WAKAYAMA-SHI
18994368,18994431,JP,JAPAN,SAITAMA,SOKA
18994432,18996479,JP,JAPAN,TOKYO,TOKYO
18996480,18996991,JP,JAPAN,TOTTORI,TOTTORI
18996992,18997247,JP,JAPAN,TOKYO,TOKYO
18997248,18999295,JP,JAPAN,KANAGAWA,YOKOHAMA-SHI
18999296,19005439,JP,JAPAN,TOKYO,TOKYO
19005440,19007743,TW,"TAIWAN, PROVINCE OF CHINA",T'AI-WAN,TAIPEI
19007744,19007999,TW,"TAIWAN, PROVINCE OF CHINA",T'AI-PEI,BANQIAO
19008000,19010047,TW,"TAIWAN, PROVINCE OF CHINA",T'AI-WAN,TAIPEI
19010048,19011071,TW,"TAIWAN, PROVINCE OF CHINA",T'AI-WAN,TAOYUAN
19011072,19012095,TW,"TAIWAN, PROVINCE OF CHINA",T'AI-WAN,TAIPEI
19012096,19012351,TW,"TAIWAN, PROVINCE OF CHINA",T'AI-WAN,TAOYUAN CITY
19012352,19012607,TW,"TAIWAN, PROVINCE OF CHINA",T'AI-WAN,TAOYUAN
19012608,19012863,TW,"TAIWAN, PROVINCE OF CHINA",T'AI-WAN,TAOYUAN CITY
19012864,19020287,TW,"TAIWAN, PROVINCE OF CHINA",T'AI-WAN,TAIPEI
19020288,19020543,TW,"TAIWAN, PROVINCE OF CHINA",T'AI-PEI,BANQIAO
19020544,19022591,TW,"TAIWAN, PROVINCE OF CHINA",T'AI-WAN,TAIPEI
19022592,19022847,TW,"TAIWAN, PROVINCE OF CHINA",T'AI-PEI,BANQIAO
19022848,19023871,TW,"TAIWAN, PROVINCE OF CHINA",T'AI-WAN,TAIPEI
19023872,19024127,TW,"TAIWAN, PROVINCE OF CHINA",T'AI-WAN,YILAN
19024128,19025919,TW,"TAIWAN, PROVINCE OF CHINA",T'AI-WAN,TAIPEI
19025920,19026431,TW,"TAIWAN, PROVINCE OF CHINA",T'AI-WAN,TAOYUAN
19026432,19031807,TW,"TAIWAN, PROVINCE OF CHINA",T'AI-WAN,TAIPEI
19031808,19032063,TW,"TAIWAN, PROVINCE OF CHINA",T'AI-WAN,HSINCHU
19032064,19035647,TW,"TAIWAN, PROVINCE OF CHINA",T'AI-WAN,TAIPEI
19035648,19035903,TW,"TAIWAN, PROVINCE OF CHINA",T'AI-WAN,TAOYUAN
19035904,19036415,TW,"TAIWAN, PROVINCE OF CHINA",T'AI-WAN,TAIPEI
19036416,19036671,TW,"TAIWAN, PROVINCE OF CHINA",T'AI-PEI,BANQIAO
19036672,19038463,TW,"TAIWAN, PROVINCE OF CHINA",T'AI-WAN,TAIPEI
19038464,19038719,TW,"TAIWAN, PROVINCE OF CHINA",T'AI-WAN,YILAN
19038720,19041279,TW,"TAIWAN, PROVINCE OF CHINA",T'AI-WAN,TAIPEI
19041280,19041535,TW,"TAIWAN, PROVINCE OF CHINA",T'AI-WAN,KEELUNG
19041536,19043071,TW,"TAIWAN, PROVINCE OF CHINA",T'AI-WAN,TAIPEI
19043072,19043327,TW,"TAIWAN, PROVINCE OF CHINA",T'AI-PEI,BANQIAO
19043328,19048959,TW,"TAIWAN, PROVINCE OF CHINA",T'AI-WAN,TAIPEI
19048960,19049471,TW,"TAIWAN, PROVINCE OF CHINA",T'AI-WAN,TAOYUAN
19049472,19049727,TW,"TAIWAN, PROVINCE OF CHINA",T'AI-WAN,TAOYUAN CITY
19049728,19056639,TW,"TAIWAN, PROVINCE OF CHINA",T'AI-WAN,TAIPEI
19056640,19056895,TW,"TAIWAN, PROVINCE OF CHINA",T'AI-WAN,TAOYUAN
19056896,19058687,TW,"TAIWAN, PROVINCE OF CHINA",T'AI-WAN,TAIPEI
19058688,19059455,TW,"TAIWAN, PROVINCE OF CHINA",T'AI-WAN,TAOYUAN
19059456,19062271,TW,"TAIWAN, PROVINCE OF CHINA",T'AI-WAN,TAIPEI
19062272,19062527,TW,"TAIWAN, PROVINCE OF CHINA",T'AI-WAN,HSINCHU
19062528,19063807,TW,"TAIWAN, PROVINCE OF CHINA",T'AI-WAN,TAIPEI
19063808,19064063,TW,"TAIWAN, PROVINCE OF CHINA",T'AI-PEI,BANQIAO
19064064,19070463,TW,"TAIWAN, PROVINCE OF CHINA",T'AI-WAN,TAIPEI
19070464,19070719,TW,"TAIWAN, PROVINCE OF CHINA",T'AI-WAN,TAOYUAN
19070720,19136511,TW,"TAIWAN, PROVINCE OF CHINA",T'AI-WAN,TAIPEI
19136512,19138815,HK,HONG KONG,HONG KONG (SAR),HONG KONG
19138816,19139071,HK,HONG KONG,HONG KONG (SAR),KOWLOON
19139072,19167743,HK,HONG KONG,HONG KONG (SAR),HONG KONG
19167744,19167999,HK,HONG KONG,HONG KONG (SAR),FO TAN
19168000,19184127,HK,HONG KONG,HONG KONG (SAR),HONG KONG
19184128,19184383,HK,HONG KONG,HONG KONG (SAR),TIN SHUI WAI
19184384,19193599,HK,HONG KONG,HONG KONG (SAR),HONG KONG
19193600,19193855,HK,HONG KONG,HONG KONG (SAR),KOWLOON
19193856,19202047,HK,HONG KONG,HONG KONG (SAR),HONG KONG
19202048,19210751,PH,PHILIPPINES,MANILA,MAKATI
19210752,19211007,PH,PHILIPPINES,DAVAO CITY,DAVAO
19211008,19267583,PH,PHILIPPINES,MANILA,MAKATI
19267584,19271167,IN,INDIA,MAHARASHTRA,MUMBAI
19271168,19271423,IN,INDIA,MAHARASHTRA,POWAI
19271424,19271679,IN,INDIA,MAHARASHTRA,MUMBAI
19271680,19271935,IN,INDIA,RAJASTHAN,BARMER
19271936,19272191,IN,INDIA,HARYANA,PANIPAT
19272192,19272447,IN,INDIA,UTTAR PRADESH,KANPUR
19272448,19272703,IN,INDIA,UTTAR PRADESH,NOIDA
19272704,19272959,IN,INDIA,DELHI,NEW DELHI
19272960,19273215,IN,INDIA,HARYANA,FATEHABAD
19273216,19273471,IN,INDIA,HARYANA,CHANDIGARH
19273472,19273727,IN,INDIA,DELHI,NEW DELHI
19273728,19273983,IN,INDIA,MAHARASHTRA,NAGPUR
19273984,19274495,IN,INDIA,MADHYA PRADESH,DABRA
19274496,19274751,IN,INDIA,MAHARASHTRA,AIROLI
19274752,19275007,IN,INDIA,MAHARASHTRA,MUMBAI
19275008,19275263,IN,INDIA,GUJARAT,ANAND
19275264,19275519,IN,INDIA,MADHYA PRADESH,BAMNIA
19275520,19278591,IN,INDIA,MAHARASHTRA,MUMBAI
19278592,19278847,IN,INDIA,DELHI,NEW DELHI
19278848,19282175,IN,INDIA,MAHARASHTRA,MUMBAI
19282176,19282431,IN,INDIA,MAHARASHTRA,AHMADNAGAR
19282432,19293183,IN,INDIA,MAHARASHTRA,MUMBAI
19293184,19293439,IN,INDIA,MAHARASHTRA,THANE
19293440,19293951,IN,INDIA,MAHARASHTRA,MUMBAI
19293952,19294207,IN,INDIA,TAMIL NADU,CHENNAI
19294208,19299071,IN,INDIA,MAHARASHTRA,MUMBAI
19299072,19299327,IN,INDIA,TAMIL NADU,CHENNAI
19299328,19300351,IN,INDIA,MAHARASHTRA,MUMBAI
19300352,19304703,IN,INDIA,DELHI,NEW DELHI
19304704,19304959,IN,INDIA,KARNATAKA,BANGALORE
19304960,19305215,IN,INDIA,JAMMU AND KASHMIR,SRINAGAR
19305216,19308543,IN,INDIA,DELHI,NEW DELHI
19308544,19323903,IN,INDIA,MAHARASHTRA,MUMBAI
19323904,19324159,IN,INDIA,PUNJAB,AMRITSAR
19324160,19325439,IN,INDIA,MAHARASHTRA,MUMBAI
19325440,19325695,IN,INDIA,DELHI,NANGLOI JAT
19325696,19331071,IN,INDIA,MAHARASHTRA,MUMBAI
19331072,19332863,IN,INDIA,DELHI,NEW DELHI
19332864,19333119,IN,INDIA,ANDHRA PRADESH,GUNTUR
19333120,19337983,IN,INDIA,MAHARASHTRA,MUMBAI
19337984,19338239,IN,INDIA,MAHARASHTRA,BORIVLI
19338240,19391999,IN,INDIA,MAHARASHTRA,MUMBAI
19392000,19392255,IN,INDIA,GUJARAT,SIHOR
19392256,19398655,IN,INDIA,MAHARASHTRA,MUMBAI
19398656,19467519,AU,AUSTRALIA,NEW SOUTH WALES,SYDNEY
19467520,19467775,AU,AUSTRALIA,NEW SOUTH WALES,MACQUARIE PARK
19467776,19595263,AU,AUSTRALIA,NEW SOUTH WALES,SYDNEY
19595264,19661311,AU,AUSTRALIA,VICTORIA,MELBOURNE
19661312,19661567,AU,AUSTRALIA,NEW SOUTH WALES,MACQUARIE PARK
19661568,19661823,AU,AUSTRALIA,VICTORIA,MELBOURNE
19661824,19662079,AU,AUSTRALIA,SOUTH AUSTRALIA,ADELAIDE
19662080,19662335,AU,AUSTRALIA,VICTORIA,MELBOURNE
19662336,19662847,AU,AUSTRALIA,SOUTH AUSTRALIA,ADELAIDE
19662848,19663359,AU,AUSTRALIA,VICTORIA,MELBOURNE
19663360,19663615,AU,AUSTRALIA,SOUTH AUSTRALIA,ADELAIDE
19663616,19663871,AU,AUSTRALIA,VICTORIA,MELBOURNE
19663872,19664127,AU,AUSTRALIA,NEW SOUTH WALES,MACQUARIE PARK
19664128,19664383,AU,AUSTRALIA,SOUTH AUSTRALIA,ADELAIDE
19664384,19664639,AU,AUSTRALIA,VICTORIA,MELBOURNE
19664640,19665151,AU,AUSTRALIA,SOUTH AUSTRALIA,ADELAIDE
19665152,19665407,AU,AUSTRALIA,VICTORIA,MELBOURNE
19665408,19665663,AU,AUSTRALIA,NEW SOUTH WALES,MACQUARIE PARK
19665664,19666431,AU,AUSTRALIA,SOUTH AUSTRALIA,ADELAIDE
19666432,19666687,AU,AUSTRALIA,VICTORIA,MELBOURNE
19666688,19666943,AU,AUSTRALIA,SOUTH AUSTRALIA,ADELAIDE
19666944,19667455,AU,AUSTRALIA,VICTORIA,MELBOURNE
19667456,19667711,AU,AUSTRALIA,SOUTH AUSTRALIA,ADELAIDE
19667712,19667967,AU,AUSTRALIA,VICTORIA,MELBOURNE
19667968,19668223,AU,AUSTRALIA,SOUTH AUSTRALIA,ADELAIDE
19668224,19668479,AU,AUSTRALIA,VICTORIA,MELBOURNE
19668480,19668735,AU,AUSTRALIA,SOUTH AUSTRALIA,ADELAIDE
19668736,19668991,AU,AUSTRALIA,VICTORIA,MELBOURNE
19668992,19669247,AU,AUSTRALIA,SOUTH AUSTRALIA,ADELAIDE
19669248,19669759,AU,AUSTRALIA,VICTORIA,MELBOURNE
19669760,19670015,AU,AUSTRALIA,SOUTH AUSTRALIA,ADELAIDE
19670016,19670271,AU,AUSTRALIA,VICTORIA,MELBOURNE
19670272,19670527,AU,AUSTRALIA,SOUTH AUSTRALIA,ADELAIDE
19670528,19671039,AU,AUSTRALIA,VICTORIA,MELBOURNE
19671040,19671551,AU,AUSTRALIA,SOUTH AUSTRALIA,ADELAIDE
19671552,19672063,AU,AUSTRALIA,VICTORIA,MELBOURNE
19672064,19672319,AU,AUSTRALIA,SOUTH AUSTRALIA,ADELAIDE
19672320,19672831,AU,AUSTRALIA,VICTORIA,MELBOURNE
19672832,19673087,AU,AUSTRALIA,NEW SOUTH WALES,MACQUARIE PARK
19673088,19673343,AU,AUSTRALIA,SOUTH AUSTRALIA,ADELAIDE
19673344,19673599,AU,AUSTRALIA,VICTORIA,MELBOURNE
19673600,19673855,AU,AUSTRALIA,SOUTH AUSTRALIA,ADELAIDE
19673856,19674111,AU,AUSTRALIA,VICTORIA,MELBOURNE
19674112,19674879,AU,AUSTRALIA,SOUTH AUSTRALIA,ADELAIDE
19674880,19675391,AU,AUSTRALIA,NEW SOUTH WALES,MACQUARIE PARK
19675392,19675647,AU,AUSTRALIA,VICTORIA,MELBOURNE
19675648,19675903,AU,AUSTRALIA,SOUTH AUSTRALIA,ADELAIDE
19675904,19676159,AU,AUSTRALIA,VICTORIA,MELBOURNE
19676160,19676671,AU,AUSTRALIA,SOUTH AUSTRALIA,ADELAIDE
19676672,19676927,AU,AUSTRALIA,VICTORIA,MELBOURNE
19676928,19678463,AU,AUSTRALIA,SOUTH AUSTRALIA,ADELAIDE
19678464,19678975,AU,AUSTRALIA,VICTORIA,MELBOURNE
19678976,19679231,AU,AUSTRALIA,NEW SOUTH WALES,MACQUARIE PARK
19679232,19679487,AU,AUSTRALIA,SOUTH AUSTRALIA,ADELAIDE
19679488,19679743,AU,AUSTRALIA,VICTORIA,MELBOURNE
19679744,19679999,AU,AUSTRALIA,NEW SOUTH WALES,MACQUARIE PARK
19680000,19680255,AU,AUSTRALIA,SOUTH AUSTRALIA,ADELAIDE
19680256,19680767,AU,AUSTRALIA,VICTORIA,MELBOURNE
19680768,19681023,AU,AUSTRALIA,SOUTH AUSTRALIA,ADELAIDE
19681024,19681279,AU,AUSTRALIA,VICTORIA,MELBOURNE
19681280,19682047,AU,AUSTRALIA,SOUTH AUSTRALIA,ADELAIDE
19682048,19682303,AU,AUSTRALIA,NEW SOUTH WALES,MACQUARIE PARK
19682304,19682815,AU,AUSTRALIA,SOUTH AUSTRALIA,ADELAIDE
19682816,19683071,AU,AUSTRALIA,NEW SOUTH WALES,MACQUARIE PARK
19683072,19683839,AU,AUSTRALIA,VICTORIA,MELBOURNE
19683840,19684351,AU,AUSTRALIA,SOUTH AUSTRALIA,ADELAIDE
19684352,19684607,AU,AUSTRALIA,VICTORIA,MELBOURNE
19684608,19684863,AU,AUSTRALIA,SOUTH AUSTRALIA,ADELAIDE
19684864,19685887,AU,AUSTRALIA,VICTORIA,MELBOURNE
19685888,19686399,AU,AUSTRALIA,SOUTH AUSTRALIA,ADELAIDE
19686400,19686655,AU,AUSTRALIA,NEW SOUTH WALES,MACQUARIE PARK
19686656,19686911,AU,AUSTRALIA,VICTORIA,MELBOURNE
19686912,19687167,AU,AUSTRALIA,SOUTH AUSTRALIA,ADELAIDE
19687168,19687679,AU,AUSTRALIA,VICTORIA,MELBOURNE
19687680,19687935,AU,AUSTRALIA,SOUTH AUSTRALIA,ADELAIDE
19687936,19688703,AU,AUSTRALIA,VICTORIA,MELBOURNE
19688704,19689471,AU,AUSTRALIA,SOUTH AUSTRALIA,ADELAIDE
19689472,19689727,AU,AUSTRALIA,VICTORIA,MELBOURNE
19689728,19689983,AU,AUSTRALIA,SOUTH AUSTRALIA,ADELAIDE
19689984,19690495,AU,AUSTRALIA,VICTORIA,MELBOURNE
19690496,19690751,AU,AUSTRALIA,SOUTH AUSTRALIA,ADELAIDE
19690752,19691519,AU,AUSTRALIA,VICTORIA,MELBOURNE
19691520,19691775,AU,AUSTRALIA,NEW SOUTH WALES,MACQUARIE PARK
19691776,19692543,AU,AUSTRALIA,SOUTH AUSTRALIA,ADELAIDE
19692544,19693055,AU,AUSTRALIA,VICTORIA,MELBOURNE
19693056,19693567,AU,AUSTRALIA,SOUTH AUSTRALIA,ADELAIDE
19693568,19693823,AU,AUSTRALIA,QUEENSLAND,TORQUAY
19693824,19694079,AU,AUSTRALIA,NEW SOUTH WALES,MACQUARIE PARK
19694080,19694335,AU,AUSTRALIA,QUEENSLAND,TORQUAY
19694336,19695103,AU,AUSTRALIA,NEW SOUTH WALES,MACQUARIE PARK
19695104,19696127,AU,AUSTRALIA,QUEENSLAND,TORQUAY
19696128,19696383,AU,AUSTRALIA,QUEENSLAND,BRISBANE
19696384,19696639,AU,AUSTRALIA,NEW SOUTH WALES,MACQUARIE PARK
19696640,19696895,AU,AUSTRALIA,QUEENSLAND,TORQUAY
19696896,19697151,AU,AUSTRALIA,NEW SOUTH WALES,MACQUARIE PARK
19697152,19697407,AU,AUSTRALIA,QUEENSLAND,TORQUAY
19697408,19697919,AU,AUSTRALIA,NEW SOUTH WALES,MACQUARIE PARK
19697920,19698175,AU,AUSTRALIA,QUEENSLAND,TORQUAY
19698176,19698431,AU,AUSTRALIA,NEW SOUTH WALES,MACQUARIE PARK
19698432,19698687,AU,AUSTRALIA,QUEENSLAND,TORQUAY
19698688,19698943,AU,AUSTRALIA,QUEENSLAND,BRISBANE
19698944,19699199,AU,AUSTRALIA,NEW SOUTH WALES,MACQUARIE PARK
19699200,19699455,AU,AUSTRALIA,QUEENSLAND,BRISBANE
19699456,19699711,AU,AUSTRALIA,QUEENSLAND,TORQUAY
19699712,19699967,AU,AUSTRALIA,NEW SOUTH WALES,MACQUARIE PARK
19699968,19700735,AU,AUSTRALIA,QUEENSLAND,TORQUAY
19700736,19700991,AU,AUSTRALIA,NEW SOUTH WALES,MACQUARIE PARK
19700992,19701247,AU,AUSTRALIA,QUEENSLAND,TORQUAY
19701248,19701503,AU,AUSTRALIA,NEW SOUTH WALES,MACQUARIE PARK
19701504,19701759,AU,AUSTRALIA,QUEENSLAND,TORQUAY
19701760,19702015,AU,AUSTRALIA,QUEENSLAND,BRISBANE
19702016,19702527,AU,AUSTRALIA,QUEENSLAND,TORQUAY
19702528,19702783,AU,AUSTRALIA,NEW SOUTH WALES,MACQUARIE PARK
19702784,19703551,AU,AUSTRALIA,QUEENSLAND,TORQUAY
19703552,19703807,AU,AUSTRALIA,NEW SOUTH WALES,MACQUARIE PARK
19703808,19704831,AU,AUSTRALIA,QUEENSLAND,TORQUAY
19704832,19705087,AU,AUSTRALIA,NEW SOUTH WALES,MACQUARIE PARK
19705088,19705343,AU,AUSTRALIA,QUEENSLAND,TORQUAY
19705344,19705599,AU,AUSTRALIA,NEW SOUTH WALES,MACQUARIE PARK
19705600,19706879,AU,AUSTRALIA,QUEENSLAND,TORQUAY
19706880,19707135,AU,AUSTRALIA,NEW SOUTH WALES,MACQUARIE PARK
19707136,19707903,AU,AUSTRALIA,QUEENSLAND,TORQUAY
19707904,19708415,AU,AUSTRALIA,NEW SOUTH WALES,MACQUARIE PARK
19708416,19709695,AU,AUSTRALIA,QUEENSLAND,TORQUAY
19709696,19709951,AU,AUSTRALIA,NEW SOUTH WALES,MACQUARIE PARK
19709952,19710975,AU,AUSTRALIA,QUEENSLAND,TORQUAY
19710976,19711231,AU,AUSTRALIA,NEW SOUTH WALES,MACQUARIE PARK
19711232,19711487,AU,AUSTRALIA,QUEENSLAND,TORQUAY
19711488,19711999,AU,AUSTRALIA,NEW SOUTH WALES,MACQUARIE PARK
19712000,19712255,AU,AUSTRALIA,QUEENSLAND,TORQUAY
19712256,19712511,AU,AUSTRALIA,NEW SOUTH WALES,MACQUARIE PARK
19712512,19712767,AU,AUSTRALIA,QUEENSLAND,TORQUAY
19712768,19713279,AU,AUSTRALIA,QUEENSLAND,BRISBANE
19713280,19713535,AU,AUSTRALIA,VICTORIA,MELBOURNE
19713536,19714047,AU,AUSTRALIA,QUEENSLAND,BRISBANE
19714048,19714303,AU,AUSTRALIA,QUEENSLAND,TORQUAY
19714304,19714559,AU,AUSTRALIA,NEW SOUTH WALES,MACQUARIE PARK
19714560,19715583,AU,AUSTRALIA,QUEENSLAND,TORQUAY
19715584,19716095,AU,AUSTRALIA,QUEENSLAND,BRISBANE
19716096,19717119,AU,AUSTRALIA,QUEENSLAND,TORQUAY
19717120,19717375,AU,AUSTRALIA,NEW SOUTH WALES,MACQUARIE PARK
19717376,19718399,AU,AUSTRALIA,QUEENSLAND,TORQUAY
19718400,19718655,AU,AUSTRALIA,NEW SOUTH WALES,MACQUARIE PARK
19718656,19720959,AU,AUSTRALIA,QUEENSLAND,TORQUAY
19720960,19721215,AU,AUSTRALIA,QUEENSLAND,BRISBANE
19721216,19721727,AU,AUSTRALIA,QUEENSLAND,TORQUAY
19721728,19721983,AU,AUSTRALIA,NEW SOUTH WALES,MACQUARIE PARK
19721984,19722239,AU,AUSTRALIA,QUEENSLAND,TORQUAY
19722240,19722495,AU,AUSTRALIA,NEW SOUTH WALES,MACQUARIE PARK
19722496,19724031,AU,AUSTRALIA,QUEENSLAND,TORQUAY
19724032,19724287,AU,AUSTRALIA,QUEENSLAND,BRISBANE
19724288,19724799,AU,AUSTRALIA,NEW SOUTH WALES,MACQUARIE PARK
19724800,19725055,AU,AUSTRALIA,QUEENSLAND,BRISBANE
19725056,19725823,AU,AUSTRALIA,QUEENSLAND,TORQUAY
19725824,19726335,AU,AUSTRALIA,QUEENSLAND,BRISBANE
19726336,19743487,CN,CHINA,BEIJING,BEIJING
19743488,19743743,CN,CHINA,ZHEJIANG,LISHUI
19743744,19791871,CN,CHINA,BEIJING,BEIJING
19791872,19922943,TH,THAILAND,KRUNG THEP,BANGKOK
19922944,20054015,CN,CHINA,GUIZHOU,GUIYANG
20054016,20119551,CN,CHINA,NINGXIA,YINCHUAN
20119552,20119807,CN,CHINA,GUANGDONG,NANJING
20119808,20120063,CN,CHINA,BEIJING,BEIJING
20120064,20120575,CN,CHINA,GUANGDONG,NANJING
20120576,20121087,CN,CHINA,BEIJING,BEIJING
20121088,20127743,CN,CHINA,GUANGDONG,NANJING
20127744,20133887,CN,CHINA,JIANGSU,CHANGZHOU
20133888,20148223,CN,CHINA,GUANGDONG,NANJING
20148224,20150271,CN,CHINA,ANHUI,CHUZHOU
20150272,20152319,CN,CHINA,ANHUI,HEFEI
20152320,20156415,CN,CHINA,GUANGDONG,NANJING
20156416,20160511,CN,CHINA,SICHUAN,JIN'AN
20160512,20162559,CN,CHINA,SHANDONG,WEIFANG
20162560,20162815,CN,CHINA,SHANDONG,DEZHOU
20162816,20168703,CN,CHINA,SICHUAN,DEZHOU
20168704,20174079,CN,CHINA,SICHUAN,JIN'AN
20174080,20174335,CN,CHINA,SHANDONG,JINAN
20174336,20185087,CN,CHINA,SICHUAN,JIN'AN
20185088,20191231,VN,VIET NAM,HO CHI MINH,THANH PHO HO CHI MINH
20191232,20191487,VN,VIET NAM,DAK LAK,HA NOI
20191488,20193791,VN,VIET NAM,HO CHI MINH,THANH PHO HO CHI MINH
20193792,20194047,VN,VIET NAM,DAK LAK,HA NOI
20194048,20195071,VN,VIET NAM,HO CHI MINH,THANH PHO HO CHI MINH
20195072,20195327,VN,VIET NAM,DAK LAK,HA NOI
20195328,20200959,VN,VIET NAM,HO CHI MINH,THANH PHO HO CHI MINH
20200960,20201215,VN,VIET NAM,DAK LAK,HA NOI
20201216,20208895,VN,VIET NAM,HO CHI MINH,THANH PHO HO CHI MINH
20208896,20209151,VN,VIET NAM,DAK LAK,HA NOI
20209152,20250879,VN,VIET NAM,HO CHI MINH,THANH PHO HO CHI MINH
20250880,20251135,VN,VIET NAM,DAK LAK,HA NOI
20251136,20253951,VN,VIET NAM,HO CHI MINH,THANH PHO HO CHI MINH
20253952,20254207,VN,VIET NAM,DAK LAK,HA NOI
20254208,20254463,VN,VIET NAM,HO CHI MINH,THANH PHO HO CHI MINH
20254464,20254975,VN,VIET NAM,DAK LAK,HA NOI
20254976,20255487,VN,VIET NAM,HO CHI MINH,THANH PHO HO CHI MINH
20255488,20255999,VN,VIET NAM,DAK LAK,HA NOI
20256000,20258047,VN,VIET NAM,HO CHI MINH,THANH PHO HO CHI MINH
20258048,20258303,VN,VIET NAM,DAK LAK,HA NOI
20258304,20258815,VN,VIET NAM,HO CHI MINH,THANH PHO HO CHI MINH
20258816,20259071,VN,VIET NAM,DAK LAK,HA NOI
20259072,20260095,VN,VIET NAM,HO CHI MINH,THANH PHO HO CHI MINH
20260096,20260607,VN,VIET NAM,DAK LAK,HA NOI
20260608,20261375,VN,VIET NAM,HO CHI MINH,THANH PHO HO CHI MINH
20261376,20262143,VN,VIET NAM,DAK LAK,HA NOI
20262144,20262399,VN,VIET NAM,HO CHI MINH,THANH PHO HO CHI MINH
20262400,20262655,VN,VIET NAM,DAK LAK,HA NOI
20262656,20272383,VN,VIET NAM,HO CHI MINH,THANH PHO HO CHI MINH
20272384,20272639,VN,VIET NAM,DAK LAK,HA NOI
20272640,20273151,VN,VIET NAM,HO CHI MINH,THANH PHO HO CHI MINH
20273152,20273919,VN,VIET NAM,DAK LAK,HA NOI
20273920,20275199,VN,VIET NAM,HO CHI MINH,THANH PHO HO CHI MINH
20275200,20275455,VN,VIET NAM,DAK LAK,HA NOI
20275456,20276479,VN,VIET NAM,HO CHI MINH,THANH PHO HO CHI MINH
20276480,20276991,VN,VIET NAM,DAK LAK,HA NOI
20276992,20277503,VN,VIET NAM,HO CHI MINH,THANH PHO HO CHI MINH
20277504,20277759,VN,VIET NAM,HA NOI,HA DONG
20277760,20278015,VN,VIET NAM,HO CHI MINH,THANH PHO HO CHI MINH
20278016,20278783,VN,VIET NAM,DAK LAK,HA NOI
20278784,20279039,VN,VIET NAM,HO CHI MINH,THANH PHO HO CHI MINH
20279040,20279295,VN,VIET NAM,DAK LAK,HA NOI
20279296,20280063,VN,VIET NAM,HO CHI MINH,THANH PHO HO CHI MINH
20280064,20283135,VN,VIET NAM,DAK LAK,HA NOI
20283136,20284415,VN,VIET NAM,HO CHI MINH,THANH PHO HO CHI MINH
20284416,20286207,VN,VIET NAM,DAK LAK,HA NOI
20286208,20287743,VN,VIET NAM,HO CHI MINH,THANH PHO HO CHI MINH
20287744,20287999,VN,VIET NAM,DAK LAK,HA NOI
20288000,20289279,VN,VIET NAM,HO CHI MINH,THANH PHO HO CHI MINH
20289280,20291071,VN,VIET NAM,DAK LAK,HA NOI
20291072,20291327,VN,VIET NAM,HO CHI MINH,THANH PHO HO CHI MINH
20291328,20291583,VN,VIET NAM,DAK LAK,HA NOI
20291584,20291839,VN,VIET NAM,HO CHI MINH,THANH PHO HO CHI MINH
20291840,20292095,VN,VIET NAM,DAK LAK,HA NOI
20292096,20293631,VN,VIET NAM,HO CHI MINH,THANH PHO HO CHI MINH
20293632,20294143,VN,VIET NAM,DAK LAK,HA NOI
20294144,20294655,VN,VIET NAM,HO CHI MINH,THANH PHO HO CHI MINH
20294656,20295423,VN,VIET NAM,DAK LAK,HA NOI
20295424,20295679,VN,VIET NAM,HO CHI MINH,THANH PHO HO CHI MINH
20295680,20300031,VN,VIET NAM,DAK LAK,HA NOI
20300032,20300287,VN,VIET NAM,HO CHI MINH,THANH PHO HO CHI MINH
20300288,20301055,VN,VIET NAM,DAK LAK,HA NOI
20301056,20301823,VN,VIET NAM,HO CHI MINH,THANH PHO HO CHI MINH
20301824,20303871,VN,VIET NAM,DAK LAK,HA NOI
20303872,20305663,VN,VIET NAM,HO CHI MINH,THANH PHO HO CHI MINH
20305664,20306175,VN,VIET NAM,DAK LAK,HA NOI
20306176,20307967,VN,VIET NAM,HO CHI MINH,THANH PHO HO CHI MINH
20307968,20308223,VN,VIET NAM,DAK LAK,HA NOI
20308224,20308991,VN,VIET NAM,HO CHI MINH,THANH PHO HO CHI MINH
20308992,20309247,VN,VIET NAM,DAK LAK,HA NOI
20309248,20309503,VN,VIET NAM,DONG NAI,VUNG TAU
20309504,20309759,VN,VIET NAM,DAK LAK,HA NOI
20309760,20310015,VN,VIET NAM,HO CHI MINH,THANH PHO HO CHI MINH
20310016,20310271,VN,VIET NAM,DAK LAK,HA NOI
20310272,20310527,VN,VIET NAM,DA NANG,TURAN
20310528,20314367,VN,VIET NAM,DAK LAK,HA NOI
20314368,20317439,VN,VIET NAM,HO CHI MINH,THANH PHO HO CHI MINH
20317440,20318719,VN,VIET NAM,DAK LAK,HA NOI
20318720,20322047,VN,VIET NAM,HO CHI MINH,THANH PHO HO CHI MINH
20322048,20322303,VN,VIET NAM,DAK LAK,HA NOI
20322304,20327167,VN,VIET NAM,HO CHI MINH,THANH PHO HO CHI MINH
20327168,20327423,VN,VIET NAM,DAK LAK,HA NOI
20327424,20327679,VN,VIET NAM,HO CHI MINH,THANH PHO HO CHI MINH
20327680,20327935,VN,VIET NAM,DAK LAK,HA NOI
20327936,20328447,VN,VIET NAM,HO CHI MINH,THANH PHO HO CHI MINH
20328448,20329471,VN,VIET NAM,DAK LAK,HA NOI
20329472,20331007,VN,VIET NAM,HO CHI MINH,THANH PHO HO CHI MINH
20331008,20331519,VN,VIET NAM,DAK LAK,HA NOI
20331520,20334335,VN,VIET NAM,HO CHI MINH,THANH PHO HO CHI MINH
20334336,20334591,VN,VIET NAM,DAK LAK,HA NOI
20334592,20334847,VN,VIET NAM,HO CHI MINH,THANH PHO HO CHI MINH
20334848,20335103,VN,VIET NAM,DAK LAK,HA NOI
20335104,20336383,VN,VIET NAM,HO CHI MINH,THANH PHO HO CHI MINH
20336384,20336639,VN,VIET NAM,DAK LAK,HA NOI
20336640,20337919,VN,VIET NAM,HO CHI MINH,THANH PHO HO CHI MINH
20337920,20338175,VN,VIET NAM,DAK LAK,HA NOI
20338176,20338431,VN,VIET NAM,HAI DUONG,HAI DUONG
20338432,20339711,VN,VIET NAM,HO CHI MINH,THANH PHO HO CHI MINH
20339712,20341247,VN,VIET NAM,DAK LAK,HA NOI
20341248,20341503,VN,VIET NAM,HO CHI MINH,THANH PHO HO CHI MINH
20341504,20343039,VN,VIET NAM,DAK LAK,HA NOI
20343040,20344831,VN,VIET NAM,HO CHI MINH,THANH PHO HO CHI MINH
20344832,20346879,VN,VIET NAM,DAK LAK,HA NOI
20346880,20347135,VN,VIET NAM,AN GIANG,BIEN HOA
20347136,20347647,VN,VIET NAM,DAK LAK,HA NOI
20347648,20350207,VN,VIET NAM,HO CHI MINH,THANH PHO HO CHI MINH
20350208,20350719,VN,VIET NAM,DAK LAK,HA NOI
20350720,20350975,VN,VIET NAM,HO CHI MINH,THANH PHO HO CHI MINH
20350976,20351743,VN,VIET NAM,DAK LAK,HA NOI
20351744,20351999,VN,VIET NAM,HO CHI MINH,THANH PHO HO CHI MINH
20352000,20352255,VN,VIET NAM,DAK LAK,HA NOI
20352256,20352511,VN,VIET NAM,HO CHI MINH,THANH PHO HO CHI MINH
20352512,20357375,VN,VIET NAM,DAK LAK,HA NOI
20357376,20358143,VN,VIET NAM,HO CHI MINH,THANH PHO HO CHI MINH
20358144,20360447,VN,VIET NAM,DAK LAK,HA NOI
20360448,20360703,VN,VIET NAM,LAM DONG,DA LAT
20360704,20361215,VN,VIET NAM,DAK LAK,HA NOI
20361216,20361471,VN,VIET NAM,HO CHI MINH,THANH PHO HO CHI MINH
20361472,20361983,VN,VIET NAM,DAK LAK,HA NOI
20361984,20362495,VN,VIET NAM,HO CHI MINH,THANH PHO HO CHI MINH
20362496,20363007,VN,VIET NAM,DAK LAK,HA NOI
20363008,20363263,VN,VIET NAM,HO CHI MINH,THANH PHO HO CHI MINH
20363264,20364287,VN,VIET NAM,DAK LAK,HA NOI
20364288,20367103,VN,VIET NAM,HO CHI MINH,THANH PHO HO CHI MINH
20367104,20368895,VN,VIET NAM,DAK LAK,HA NOI
20368896,20371455,VN,VIET NAM,HO CHI MINH,THANH PHO HO CHI MINH
20371456,20372223,VN,VIET NAM,DAK LAK,HA NOI
20372224,20372991,VN,VIET NAM,HO CHI MINH,THANH PHO HO CHI MINH
20372992,20374271,VN,VIET NAM,DAK LAK,HA NOI
20374272,20375295,VN,VIET NAM,HO CHI MINH,THANH PHO HO CHI MINH
20375296,20376063,VN,VIET NAM,DAK LAK,HA NOI
20376064,20377087,VN,VIET NAM,HO CHI MINH,THANH PHO HO CHI MINH
20377088,20378623,VN,VIET NAM,DAK LAK,HA NOI
20378624,20378879,VN,VIET NAM,HO CHI MINH,THANH PHO HO CHI MINH
20378880,20379135,VN,VIET NAM,DAK LAK,HA NOI
20379136,20379391,VN,VIET NAM,HO CHI MINH,THANH PHO HO CHI MINH
20379392,20387327,VN,VIET NAM,DAK LAK,HA NOI
20387328,20387583,VN,VIET NAM,HO CHI MINH,THANH PHO HO CHI MINH
20387584,20397311,VN,VIET NAM,DAK LAK,HA NOI
20397312,20397567,VN,VIET NAM,NINH BINH,TRA VINH
20397568,20402175,VN,VIET NAM,DAK LAK,HA NOI
20402176,20402431,VN,VIET NAM,HA NOI,HA DONG
20402432,20402687,VN,VIET NAM,DAK LAK,HA NOI
20402688,20402943,VN,VIET NAM,HA NOI,SON TAY
20402944,20404991,VN,VIET NAM,DAK LAK,HA NOI
20404992,20405247,VN,VIET NAM,HA NOI,HA DONG
20405248,20405759,VN,VIET NAM,DAK LAK,HA NOI
20405760,20406015,VN,VIET NAM,HA NOI,HA DONG
20406016,20406527,VN,VIET NAM,DAK LAK,HA NOI
20406528,20406783,VN,VIET NAM,HAI PHONG,HAIPHONG
20406784,20411903,VN,VIET NAM,DAK LAK,HA NOI
20411904,20412159,VN,VIET NAM,HA NOI,HA DONG
20412160,20412927,VN,VIET NAM,DAK LAK,HA NOI
20412928,20413183,VN,VIET NAM,HA NOI,HA DONG
20413184,20435711,VN,VIET NAM,DAK LAK,HA NOI
20435712,20435967,VN,VIET NAM,HA NOI,HA DONG
20435968,20437503,VN,VIET NAM,DAK LAK,HA NOI
20437504,20437759,VN,VIET NAM,HA NOI,HA DONG
20437760,20438015,VN,VIET NAM,DAK LAK,HA NOI
20438016,20438271,VN,VIET NAM,HA NOI,HA DONG
20438272,20438527,VN,VIET NAM,DAK LAK,HA NOI
20438528,20438783,VN,VIET NAM,HA NOI,HA DONG
20438784,20447231,VN,VIET NAM,DAK LAK,HA NOI
20447232,20484607,CN,CHINA,HEILONGJIANG,HARBIN
20484608,20484863,CN,CHINA,HEILONGJIANG,MUDANJIANG
20484864,20492543,CN,CHINA,HEILONGJIANG,HARBIN
20492544,20493055,CN,CHINA,HEILONGJIANG,MUDANJIANG
20493056,20971519,CN,CHINA,HEILONGJIANG,HARBIN
20971520,21016063,HK,HONG KONG,HONG KONG (SAR),HONG KONG
21016064,21016319,HK,HONG KONG,HONG KONG (SAR),CHEUNG CHAU
21016320,21017343,HK,HONG KONG,HONG KONG (SAR),HONG KONG
21017344,21017599,HK,HONG KONG,HONG KONG (SAR),TAI TAM
21017600,21102591,HK,HONG KONG,HONG KONG (SAR),HONG KONG
21102592,21103615,JP,JAPAN,TOKYO,TOKYO
21103616,21107711,JP,JAPAN,TOKYO,TACHIKAWA
21107712,21108223,JP,JAPAN,TOKYO,TOKYO
21108224,21108479,JP,JAPAN,TOKYO,TACHIKAWA
21108480,21108735,JP,JAPAN,TOKYO,TOKYO
21108736,21108991,JP,JAPAN,TOKYO,TACHIKAWA
21108992,21109247,JP,JAPAN,TOKYO,TOKYO
21109248,21109503,JP,JAPAN,TOKYO,TACHIKAWA
21109504,21110015,JP,JAPAN,TOKYO,TOKYO
21110016,21110783,JP,JAPAN,TOKYO,TACHIKAWA
21110784,21127167,JP,JAPAN,TOKYO,TOKYO
21127168,21129727,JP,JAPAN,TOKYO,TACHIKAWA
21129728,21130751,JP,JAPAN,TOKYO,TOKYO
21130752,21131775,JP,JAPAN,TOKYO,TACHIKAWA
21131776,21132287,JP,JAPAN,TOKYO,TOKYO
21132288,21134335,JP,JAPAN,TOKYO,TACHIKAWA
21134336,21135359,JP,JAPAN,TOKYO,TOKYO
21135360,21137407,JP,JAPAN,TOKYO,TACHIKAWA
21137408,21138431,JP,JAPAN,TOKYO,TOKYO
21138432,21223167,JP,JAPAN,TOKYO,TACHIKAWA
21223168,21226495,JP,JAPAN,TOKYO,TOKYO
21226496,21227007,JP,JAPAN,TOKYO,TACHIKAWA
21227008,21227263,JP,JAPAN,TOKYO,TOKYO
21227264,21227519,JP,JAPAN,TOKYO,TACHIKAWA
21227520,21227775,JP,JAPAN,TOKYO,TOKYO
21227776,21228031,JP,JAPAN,TOKYO,TACHIKAWA
21228032,21228287,JP,JAPAN,TOKYO,TOKYO
21228288,21228543,JP,JAPAN,TOKYO,TACHIKAWA
21228544,21228799,JP,JAPAN,TOKYO,TOKYO
21228800,21229055,JP,JAPAN,TOKYO,TACHIKAWA
21229056,21229823,JP,JAPAN,TOKYO,TOKYO
21229824,21230079,JP,JAPAN,TOKYO,TACHIKAWA
21230080,21230335,JP,JAPAN,TOKYO,TOKYO
21230336,21230591,JP,JAPAN,TOKYO,TACHIKAWA
21230592,21230847,JP,JAPAN,TOKYO,TOKYO
21230848,21232127,JP,JAPAN,TOKYO,TACHIKAWA
21232128,21232383,JP,JAPAN,TOKYO,TOKYO
21232384,21232895,JP,JAPAN,TOKYO,TACHIKAWA
21232896,21233663,JP,JAPAN,TOKYO,TOKYO
21233664,21495807,CN,CHINA,SHANXI,TAIYUAN
21495808,21496831,JP,JAPAN,TOKYO,TACHIKAWA
21496832,21497087,JP,JAPAN,TOKYO,FUCHU
21497088,21497343,JP,JAPAN,TOKYO,TACHIKAWA
21497344,21497599,JP,JAPAN,TOKYO,SHINAGAWA-KU
21497600,21696255,JP,JAPAN,TOKYO,TACHIKAWA
21696256,21696511,JP,JAPAN,TOKYO,TOKYO
21696512,21699327,JP,JAPAN,TOKYO,TACHIKAWA
21699328,21699583,JP,JAPAN,HYOGO,KAKOGAWA
21699584,21710847,JP,JAPAN,TOKYO,TACHIKAWA
21710848,21731327,JP,JAPAN,TOKYO,TOKYO
21731328,21733375,JP,JAPAN,TOKYO,TACHIKAWA
21733376,21740543,JP,JAPAN,TOKYO,TOKYO
21740544,21741567,JP,JAPAN,TOKYO,TACHIKAWA
21741568,21743615,JP,JAPAN,TOKYO,TOKYO
21743616,21745663,JP,JAPAN,TOKYO,TACHIKAWA
21745664,21747711,JP,JAPAN,TOKYO,TOKYO
21747712,21754879,JP,JAPAN,TOKYO,TACHIKAWA
21754880,21757951,JP,JAPAN,TOKYO,TOKYO
21757952,21758975,JP,JAPAN,TOKYO,TACHIKAWA
21758976,21777407,JP,JAPAN,TOKYO,TOKYO
21777408,21778431,JP,JAPAN,TOKYO,TACHIKAWA
21778432,21780479,JP,JAPAN,TOKYO,TOKYO
21780480,21795839,JP,JAPAN,TOKYO,TACHIKAWA
21795840,21816319,JP,JAPAN,TOKYO,TOKYO
21816320,21818879,JP,JAPAN,TOKYO,TACHIKAWA
21818880,21821951,JP,JAPAN,TOKYO,TOKYO
21821952,21822463,JP,JAPAN,TOKYO,TACHIKAWA
21822464,21823487,JP,JAPAN,TOKYO,TOKYO
21823488,21853695,JP,JAPAN,TOKYO,TACHIKAWA
21853696,21853951,JP,JAPAN,TOKYO,SHIBUYA-KU
21853952,21898751,JP,JAPAN,TOKYO,TACHIKAWA
21898752,21899007,JP,JAPAN,OSAKA,OSAKA-SHI
21899008,21900287,JP,JAPAN,TOKYO,TACHIKAWA
21900288,21907455,JP,JAPAN,TOKYO,TOKYO
21907456,21907711,JP,JAPAN,TOKYO,TACHIKAWA
21907712,21908735,JP,JAPAN,TOKYO,TOKYO
21908736,21908991,JP,JAPAN,TOKYO,TACHIKAWA
21908992,21909247,JP,JAPAN,TOKYO,TOKYO
21909248,21909503,JP,JAPAN,TOKYO,TACHIKAWA
21909504,21910015,JP,JAPAN,TOKYO,TOKYO
21910016,21910527,JP,JAPAN,TOKYO,TACHIKAWA
21910528,21911807,JP,JAPAN,TOKYO,TOKYO
21911808,21912063,JP,JAPAN,TOKYO,TACHIKAWA
21912064,21913855,JP,JAPAN,TOKYO,TOKYO
21913856,21914111,JP,JAPAN,TOKYO,TACHIKAWA
21914112,21917439,JP,JAPAN,TOKYO,TOKYO
21917440,21917951,JP,JAPAN,TOKYO,TACHIKAWA
21917952,21919231,JP,JAPAN,TOKYO,TOKYO
21919232,21919743,JP,JAPAN,TOKYO,TACHIKAWA
21919744,21921023,JP,JAPAN,TOKYO,TOKYO
21921024,21921279,JP,JAPAN,TOKYO,TACHIKAWA
21921280,21921791,JP,JAPAN,TOKYO,TOKYO
21921792,21954559,JP,JAPAN,TOKYO,TACHIKAWA
21954560,21956095,JP,JAPAN,TOKYO,TOKYO
21956096,21962495,JP,JAPAN,TOKYO,TACHIKAWA
21962496,21962751,JP,JAPAN,TOKYO,TOKYO
21962752,21970943,JP,JAPAN,TOKYO,TACHIKAWA
21970944,21971455,JP,JAPAN,TOKYO,TOKYO
21971456,21972735,JP,JAPAN,TOKYO,TACHIKAWA
21972736,21972991,JP,JAPAN,HYOGO,AKASHI
21972992,21975551,JP,JAPAN,TOKYO,TACHIKAWA
21975552,21995519,JP,JAPAN,TOKYO,TOKYO
21995520,21998591,JP,JAPAN,TOKYO,TACHIKAWA
21998592,22003711,JP,JAPAN,TOKYO,TOKYO
22003712,22011903,JP,JAPAN,TOKYO,TACHIKAWA
22011904,22020095,JP,JAPAN,TOKYO,TOKYO
22020096,22020607,CN,CHINA,SHAANXI,XIANTAIBA
22020608,22020863,CN,CHINA,SHAANXI,XI'AN
22020864,22021119,CN,CHINA,SHAANXI,XIANTAIBA
22021120,22022143,CN,CHINA,SHAANXI,XI'AN
22022144,22022399,CN,CHINA,SHAANXI,XIANTAIBA
22022400,22022655,CN,CHINA,SHAANXI,XI'AN
22022656,22023167,CN,CHINA,SHAANXI,XIANTAIBA
22023168,22037503,CN,CHINA,SHAANXI,XI'AN
22037504,22038527,CN,CHINA,SHAANXI,XIANTAIBA
22038528,22040575,CN,CHINA,SHAANXI,XI'AN
22040576,22040831,CN,CHINA,SHAANXI,XIANTAIBA
22040832,22041087,CN,CHINA,SHAANXI,XI'AN
22041088,22041599,CN,CHINA,SHAANXI,XIANTAIBA
22041600,22051839,CN,CHINA,SHAANXI,XI'AN
22051840,22052863,CN,CHINA,SHAANXI,XIANTAIBA